Name,Train Accuracy,Train F1 Negative,Train F1 Positive,Train MCC Score,Train MCC Std,Validation Accuracy,Validation F1 Negative,Validation F1 Positive,Validation MCC Score,Validation MCC Std,Test Accuracy,Test F1 Negative,Test F1 Positive,Test MCC Score,Test MCC Std
svcrbf,97.23892950751828,98.44747133740142,87.52635164162439,86.43514094011061,2.525459126067042,94.29490022172949,96.78775875238156,74.29202074826179,71.71286050656524,12.332941192458053,93.04347826086958,96.12001393107036,66.37876209628902,62.54439037597456,2.2992694097502158
svclin,99.90899894238287,99.9493670886076,99.55109997215261,99.50253250717918,0.4541460076622838,94.66075388026607,97.01255255231696,74.71428571428571,72.19289188995837,4.62643011771518,94.39613526570048,96.89121657484233,71.60162601626016,68.54987024067864,3.7263497457530583
logistic,98.54356922793949,99.18419011210722,93.21611777680963,92.62172790973769,1.336620976813691,94.41537324464154,96.85574581574481,74.94234031385733,72.41859836784751,11.207888039322983,92.56038647342996,95.83497371997467,65.14532759559974,61.14260846202494,2.678099632571808
random,100.0,100.0,100.0,100.0,0.0,95.63045084996304,97.6314961388431,71.66600985221676,73.1533455169969,8.105445671632472,94.20289855072464,96.87173629242821,60.516129032258064,63.398805643106584,2.6392635445772776
knn,97.39081252586564,98.5623750219757,85.90126483841725,84.8821486996508,0.7354705630997479,95.99482631189949,97.7988107966265,77.76216960644102,76.35953900432285,5.55487785223647,94.20289855072464,96.8357084443739,65.46778711484595,64.11935399698929,4.158748403102598
xgb,100.0,100.0,100.0,100.0,0.0,96.47967479674796,98.0547954460998,81.44807361715036,79.8184699124811,4.263879309739824,94.10628019323671,96.74605224938409,68.73013449906902,65.81221710142314,1.820448171402722
