Name,Train Accuracy,Train F1 Negative,Train F1 Positive,Train MCC Score,Train MCC Std,Validation Accuracy,Validation F1 Negative,Validation F1 Positive,Validation MCC Score,Validation MCC Std,Test Accuracy,Test F1 Negative,Test F1 Positive,Test MCC Score,Test MCC Std
svcrbf,97.45146456982573,98.57078603820231,88.24103166446436,87.09858820053896,1.1626200595312715,95.1448632668145,97.28774403092835,76.61779194436397,74.32023447813569,2.518058841534787,95.65217391304348,97.6,76.92307692307692,74.80865797698067,0.0
svclin,99.9393019726859,99.96621619211687,99.70147591200222,99.66906320060056,0.4531702794248266,94.90465631929047,97.16466571052129,74.70614035087719,72.1537944978605,7.915679117750285,94.00966183574879,96.68123467173488,69.1834403887722,66.04392075602873,7.037659652269197
logistic,98.8168942842691,99.33749827562804,94.47401047966962,94.00156431934374,1.412467462959348,94.0539541759054,96.65920197978969,72.83821636762814,70.10543122530609,7.512900753813795,94.3961352657005,96.88657245269958,71.95012871416728,68.93248090747906,4.406086728864864
random,100.0,100.0,100.0,100.0,0.0,95.26755358462677,97.44666934437126,67.26305092756705,69.87860283337358,15.478618935831381,94.78260869565217,97.18011811023621,65.0909090909091,67.60147280519938,5.683866462638453
knn,96.75366717248357,98.21003507546224,82.5729970794702,81.1309617564689,1.575957667511162,95.87657058388767,97.73780970697621,76.30486848462377,74.98025926202409,18.123479664094475,94.78260869565217,97.15004899365475,69.08817908817909,68.05459436249019,5.217059396815624
xgb,100.0,100.0,100.0,100.0,0.0,96.11603843311161,97.87055404471937,77.79520697167757,76.78340793328695,7.4888869128265325,95.45893719806763,97.50352131496666,74.90121700648015,73.15623725839723,2.4353286842311173
