Name,Train Accuracy,Train F1 Negative,Train F1 Positive,Train MCC Score,Train MCC Std,Validation Accuracy,Validation F1 Negative,Validation F1 Positive,Validation MCC Score,Validation MCC Std,Test Accuracy,Test F1 Negative,Test F1 Positive,Test MCC Score,Test MCC Std
svcrbf,97.1177633696602,98.3795467383499,86.97305027222464,85.80449378193543,1.4282366764694265,94.17664449371767,96.73093642303569,73.07670455002338,70.55966007978223,6.116428748801347,94.58937198067632,96.96209709665361,75.27289068643975,72.50478101649152,2.4523800421759856
svclin,99.84830091506875,99.9155547712023,99.2548203011675,99.17514582361272,0.5826170487379368,94.78048780487805,97.0952045705121,74.27782021899671,71.53026641890047,3.39614876552469,95.26570048309179,97.36079749923843,77.02430675771572,74.4229893081219,6.094084995048766
logistic,98.87750034487516,99.37156955970455,94.74824696214417,94.29653039270055,1.737917668377182,94.29711751662971,96.79103916625833,74.26133515607201,71.7057567337717,6.143254793543694,93.04347826086958,96.05983718638383,70.30283687943263,67.21048259102453,2.2885438092051302
random,100.0,100.0,100.0,100.0,0.0,95.02660753880266,97.3138432110104,66.14774114774114,68.68311103814092,10.83966731601083,95.74879227053141,97.68945263765424,73.42914438502676,74.4480758807431,2.7277286346688085
knn,96.63245505127144,98.14678327525095,81.58312944470568,80.25365864100519,3.019391319364122,95.99852180339985,97.8041992760894,77.47126436781609,76.1358779279628,9.84114494578486,96.42512077294687,98.01864872635272,81.71794871794872,79.84527403672357,3.923954997192965
xgb,100.0,100.0,100.0,100.0,0.0,96.72431633407243,98.20054472708935,81.65880893300249,80.82532952006656,3.5456152968711523,94.68599033816425,97.04455380691535,73.65022574324901,70.75883839443978,2.106631353716709
