Name,Train Accuracy,Train F1 Negative,Train F1 Positive,Train MCC Score,Train MCC Std,Validation Accuracy,Validation F1 Negative,Validation F1 Positive,Validation MCC Score,Validation MCC Std,Test Accuracy,Test F1 Negative,Test F1 Positive,Test MCC Score,Test MCC Std
svcrbf,97.69430266243619,98.70987577539807,89.16271280601073,88.02827115068337,2.3096321409852716,94.90243902439025,97.14774221987422,75.8985383985384,73.34015353406326,8.539987459012075,93.33333333333334,96.2880842745014,67.26459719142647,63.61563306974288,1.466593722047744
svclin,99.8179519014117,99.89867715817084,99.10446098662909,99.00995576113948,0.6889534665730018,95.99704360679969,97.77968684196995,79.353471118177,77.54659342509277,7.553069701062962,94.00966183574879,96.65000705723403,71.65289731764861,68.4534703892908,6.147726373604207
logistic,98.60435922196164,99.21817486066638,93.50302071741352,92.94491090898433,1.8172270721737265,94.78270509977827,97.06396326540916,76.32850550533477,73.88407175875082,9.300799484263594,92.56038647342996,95.79457092780322,67.77826024026632,64.2557094060103,1.34416017899561
random,100.0,100.0,100.0,100.0,0.0,95.75166297117516,97.70077131558556,71.55701514322205,73.33719361440204,12.773878668787138,94.68599033816425,97.12793733681463,64.51612903225806,67.05230497611986,0.0
knn,96.8448061801628,98.25912105998063,83.1655732379159,81.7453006553901,2.5430614692024456,96.23798965262378,97.944781735456,77.42952367051039,77.01346602674556,12.295912934640446,95.94202898550725,97.77551962070436,76.89286278759963,75.86578923936881,1.7425485880697333
xgb,100.0,100.0,100.0,100.0,0.0,95.63192904656322,97.60515556298185,74.9567567859788,73.57503963947144,15.394311129347589,94.4927536231884,96.95657754010696,71.07692307692307,68.23919502369827,4.196568764567041
