Name,Train Accuracy,Train F1 Negative,Train F1 Positive,Train MCC Score,Train MCC Std,Validation Accuracy,Validation F1 Negative,Validation F1 Positive,Validation MCC Score,Validation MCC Std,Test Accuracy,Test F1 Negative,Test F1 Positive,Test MCC Score,Test MCC Std
svcrbf,99.79761063761907,99.7973254219609,99.79789427062425,99.59590071570973,0.15038848394370832,96.60384331116039,98.1364016921748,80.843476879072,80.01905858220171,5.331917683312666,96.61835748792271,98.13700994098906,81.68990042674253,80.3770352004429,2.7704928492485057
svclin,99.62886263160293,99.62737655890535,99.63033650824546,99.26066092149179,0.22508219581161992,93.56984478935698,96.38289997449003,70.88838612368025,67.83037481390889,4.26626546102369,94.29951690821255,96.81111919264048,73.07321250887296,70.07552441450504,6.676120321646735
logistic,98.39754910897406,98.39281549477644,98.40223575197481,96.79816349308125,0.8683263326561828,94.05617147080561,96.64038729333942,74.04292765657877,71.61002422081597,6.594085959525505,93.04347826086958,96.05820245299353,70.32853578443641,67.29512440965388,2.3394635868209064
random,100.0,100.0,100.0,100.0,0.0,94.66075388026607,97.11729049714351,63.82006688963211,66.53715144816219,3.507049505084246,94.58937198067633,97.06805493379872,64.98655913978494,66.25592481534404,5.865476370815207
knn,90.7897885237683,89.84395761096377,91.57309616622895,83.0094443072661,1.7760387637445334,75.97856614929785,84.68645654722016,43.85533627428218,42.628441777811815,7.70399557088593,74.87922705314008,83.8158957486029,43.785877244262274,43.6656104042891,2.221978229329556
xgb,100.0,100.0,100.0,100.0,0.0,94.29711751662971,96.83460426291677,70.91316526610645,68.61098085600341,7.941578658786853,93.91304347826086,96.60754703079417,70.191159897246,67.11006882370111,2.9086916591750396
