Name,Train Accuracy,Train F1 Negative,Train F1 Positive,Train MCC Score,Train MCC Std,Validation Accuracy,Validation F1 Negative,Validation F1 Positive,Validation MCC Score,Validation MCC Std,Test Accuracy,Test F1 Negative,Test F1 Positive,Test MCC Score,Test MCC Std
svcrbf,99.89876259058384,99.89864850393026,99.89887638853175,99.79775248916842,0.07547935674308097,95.99334811529934,97.81251008281018,76.02865353037767,75.67814268573613,10.261334269439082,98.35748792270533,99.09474801061006,91.14345114345114,90.70284985838846,2.552344371760716
svclin,99.54446014311107,99.5422128677105,99.54668383337308,99.09334434363247,0.28026641492220916,92.71914264597191,95.90197402393761,66.94334133918589,63.44347726475384,3.4270705542918747,95.74879227053141,97.62005575723288,80.04006687544755,77.88193127730746,7.277723946714545
logistic,98.65044323412789,98.64296244049271,98.6578255110978,97.30843744477174,0.5871046658819592,93.20325203252033,96.17646481740141,69.06963392941505,65.86128092322019,4.264377770217627,95.07246376811594,97.21223670317606,78.73391174651678,76.69667619925558,6.025798548949612
random,100.0,100.0,100.0,100.0,0.0,93.93052475979306,96.72127049278036,59.01854441854442,60.305545409823765,12.458662021296467,94.58937198067632,97.07133572884473,64.50268817204302,66.23595310448573,4.008559557663204
knn,91.17713413244611,90.31693808609184,91.8962481782354,83.67280005438211,1.3510182265245152,78.27642276422765,86.4230381241492,45.356743421259544,43.72776444681778,4.485549494705532,79.80676328502416,87.39697278627743,49.05673836524252,48.72643777236983,3.914965303952797
xgb,100.0,100.0,100.0,100.0,0.0,93.81226903178121,96.56775391820622,68.45291625936787,65.32731960879534,8.06593166594217,95.36231884057972,97.40916220122604,77.88695315524585,75.38608330967894,4.610473863509732
