Name,Train Accuracy,Train F1 Negative,Train F1 Positive,Train MCC Score,Train MCC Std,Validation Accuracy,Validation F1 Negative,Validation F1 Positive,Validation MCC Score,Validation MCC Std,Test Accuracy,Test F1 Negative,Test F1 Positive,Test MCC Score,Test MCC Std
svcrbf,99.83130896495146,99.83099533549813,99.83162134658947,99.66324145060139,0.11884268312479698,96.11973392461198,97.87187741160297,77.92207792207792,76.72420988522329,11.183398822437901,97.58454106280192,98.6609510974753,87.6829268292683,86.41779139945565,1.9623095524353498
svclin,99.44336516111389,99.44017461533988,99.44651878881129,98.89300109197724,0.1897164283693057,92.72062084257206,95.89771181192017,67.65745965745967,64.2247592830533,7.32822859300198,94.4927536231884,96.8772963964032,76.55539795114264,74.40475754246522,4.219019585101056
logistic,98.39766305090924,98.39124033017566,98.40401652851264,96.79971428157064,1.0991875852157456,91.75018477457502,95.31179138321995,65.47619047619048,62.03257536947086,12.083944864246417,93.23671497584542,96.15101928509378,72.10255271920089,69.54116641994673,3.0824562936143827
random,100.0,100.0,100.0,100.0,0.0,94.54101995565411,97.05796365495672,61.78461538461538,65.0829429237936,10.601485672623467,96.61835748792271,98.15352591597652,79.8501868741807,80.01191373177751,6.263637354991946
knn,90.78936124151133,89.8544738930668,91.56643542808858,82.99952380440656,0.35657005234730216,78.28159645232816,86.35053094632521,46.528289474407956,45.684207726700485,4.739441868664086,75.3623188405797,84.14518201150122,44.70810299317695,45.079325048630196,1.8445960694321248
xgb,100.0,100.0,100.0,100.0,0.0,94.54323725055431,96.98836910718099,70.73633233026023,68.1554995884201,12.762313003751819,95.74879227053141,97.61572865245259,80.38562767706756,78.23717279338993,3.2492618002771394
