Name,Train Accuracy,Train F1 Negative,Train F1 Positive,Train MCC Score,Train MCC Std,Validation Accuracy,Validation F1 Negative,Validation F1 Positive,Validation MCC Score,Validation MCC Std,Test Accuracy,Test F1 Negative,Test F1 Positive,Test MCC Score,Test MCC Std
svcrbf,99.9662447017,99.96621619211687,99.96627316320618,99.93254627841641,0.09236486696890397,97.209903917221,98.46767650645185,84.31739811912226,83.4369079204989,10.88701883611222,94.97584541062801,97.23714656583329,72.31863442389758,70.1880120619976,1.8486576531419567
svclin,99.61205619616243,99.61047077644358,99.61362825680456,99.22724327009468,0.19054429772207965,93.8130081300813,96.53635389676131,70.67842885330153,67.63579601459035,11.840681568315192,93.91304347826087,96.598771952325,71.02691119934454,67.72192785644644,3.421194277364125
logistic,98.12764914999316,98.12765715754617,98.12756850320596,96.25882217622389,0.6096745186010866,94.29785661492978,96.78744119332943,74.25078178815394,71.70222099353792,9.536555171064503,92.94685990338165,96.04685314035241,67.2999969359929,63.51454916218914,1.9384583780220808
random,100.0,100.0,100.0,100.0,0.0,95.2668144863267,97.43862057370403,68.61767861767862,70.56529908080012,7.3865356686907315,94.4927536231884,97.02702725793884,62.65322580645161,65.58164380666946,3.1630341310947605
knn,91.09338681008158,90.22201764364206,91.82118591600626,83.50998917332319,1.3814921795483865,78.27937915742794,86.435977929897,45.28782167839513,43.66186550956186,6.151768987402077,75.7487922705314,84.43226951195231,45.106076643326276,45.47898593268464,2.1719914088884393
xgb,100.0,100.0,100.0,100.0,0.0,94.53954175905396,96.9762910711427,71.68013297272933,68.84701009234628,6.703333086305929,94.10628019323671,96.75344499328445,68.04176241018345,65.2744561925368,4.708244785446166
