Name,Train Accuracy,Train F1 Negative,Train F1 Positive,Train MCC Score,Train MCC Std,Validation Accuracy,Validation F1 Negative,Validation F1 Positive,Validation MCC Score,Validation MCC Std,Test Accuracy,Test F1 Negative,Test F1 Positive,Test MCC Score,Test MCC Std
svcrbf,99.89879107606762,99.89873410503908,99.89884795106396,99.79769580625744,0.07544723345558854,96.36067997043607,98.0039571390819,79.38916256157636,78.43815330157149,6.786826764358743,95.84541062801932,97.7131682100134,77.30483519957204,75.69259255832392,4.12976680701321
svclin,99.61205619616243,99.61075739433514,99.61334609889555,99.22622834645405,0.34908915709082156,92.35328898743532,95.70025812302619,65.34571723426212,61.58260298112784,3.552068389770495,94.58937198067633,96.98894893469652,73.3495394754612,70.34891369772033,3.2014045005223424
logistic,98.39743516703888,98.39165989375616,98.40314083632299,96.79903771137342,0.3151178119204721,93.20177383592018,96.17239687322699,69.49140049140048,66.16133306996687,8.613477272978997,94.29951690821257,96.79892777188641,73.99033816425121,71.06674169739313,3.4654959434938255
random,100.0,100.0,100.0,100.0,0.0,94.29785661492978,96.9192888430598,61.733333333333334,63.819711772079984,5.872272384798703,94.97584541062801,97.27549969232295,67.66162916779615,69.09180802078075,5.09849152914523
knn,91.07592520851374,90.19287754369982,91.81209244466568,83.49988891573032,1.5534438698958024,77.54988913525499,85.84426789626494,45.49231817104951,44.764448945811296,3.306343369984474,78.55072463768116,86.48964746872407,47.618055015426094,47.29730023177333,4.396478110719335
xgb,100.0,100.0,100.0,100.0,0.0,93.20620842572062,96.22964023626275,65.50420168067227,62.14509394071915,9.30773191220362,93.2367149758454,96.20967819284337,68.5718209599891,64.98513795894611,5.069155723075589
