Name,Train Accuracy,Train F1 Negative,Train F1 Positive,Train MCC Score,Train MCC Std,Validation Accuracy,Validation F1 Negative,Validation F1 Positive,Validation MCC Score,Validation MCC Std,Test Accuracy,Test F1 Negative,Test F1 Positive,Test MCC Score,Test MCC Std
svcrbf,99.71320814912721,99.71284997281276,99.71356245721923,99.42757606862995,0.3284262559231584,96.60088691796008,98.13683244788702,80.61083743842364,79.68347984707539,10.549067137591466,96.23188405797103,97.92819024522518,79.17977896925265,77.9682704350083,2.2490638154822586
svclin,99.59519278975434,99.59404827970685,99.59632420438979,99.19309044201495,0.2997850080100922,94.05173688100518,96.66895778717668,72.10895880400524,69.22469848929538,10.46354108074844,94.39613526570048,96.87860569730103,72.45362256826229,69.570210336636,5.032817773706889
logistic,98.70109042431977,98.6933726098527,98.70870547243949,97.40991157171592,0.09260119710428219,93.68810051736881,96.45204573203816,71.25475093760227,68.36808794100722,6.325588353954038,93.91304347826087,96.55418656916808,73.90801412146728,71.30671001272921,2.697268047087925
random,100.0,100.0,100.0,100.0,0.0,94.65927568366592,97.11898887590355,63.2900432900433,66.24414714359776,7.889967835640463,93.14009661835749,96.30438311688312,52.27586206896551,54.666664981181476,9.184468268775861
knn,90.73899890615743,89.78533571658275,91.5288599729333,82.91982352486544,1.5357150098423995,76.69918699186992,85.25236266386655,44.14070248642745,42.72324326091782,6.521254314705892,74.58937198067633,83.64608997845815,42.834527231146595,41.98832390732466,4.863850522940791
xgb,100.0,100.0,100.0,100.0,0.0,93.20029563932002,96.21630933511604,66.189418620658,62.901017493493825,18.68411200787103,93.23671497584542,96.22981303622053,67.12520654023527,63.447823734015586,6.3655444018287906
