Name,Train Accuracy,Train F1 Negative,Train F1 Positive,Train MCC Score,Train MCC Std,Validation Accuracy,Validation F1 Negative,Validation F1 Positive,Validation MCC Score,Validation MCC Std,Test Accuracy,Test F1 Negative,Test F1 Positive,Test MCC Score,Test MCC Std
svcrbf,99.76385533931908,99.76314173136538,99.76456400683921,99.52912310992147,0.2756096572837215,96.71988174427199,98.19972076549122,81.41521918941274,80.36619426525765,11.310319124538271,94.68599033816425,97.07882617857673,70.5957374378427,68.40142695609423,1.859969289776908
svclin,99.4600576546192,99.45739603449408,99.46269085080917,98.92449754524222,0.5784505933551028,93.80783444198077,96.53215409699314,70.66666666666666,67.68077439756817,11.031614657193415,91.78743961352657,95.40350379643641,61.30316818335018,56.91520264199217,5.547809229516898
logistic,98.49861560548743,98.49261241838624,98.50453742246248,97.00238949452157,0.21957025076589187,93.68588322246859,96.4529809188833,70.96157650880414,68.12059270475781,12.27007573625189,92.56038647342994,95.83130992607394,65.30949744238781,61.356193010615584,3.9284398002629706
random,100.0,100.0,100.0,100.0,0.0,94.53880266075387,97.04571497854246,63.84057971014494,65.68212897124097,4.931016247935168,94.4927536231884,97.02429119825536,63.05061179087876,65.46441068696188,5.508848096392761
knn,91.24475867098127,90.39163228132028,91.95734948982803,83.795626716724,1.9329105805862952,77.79157427937915,86.04627295252091,44.37329752768274,42.55269669736077,8.518851352214053,76.23188405797103,85.0024385930756,42.39246678173826,39.873132744054296,2.3564247991853016
xgb,100.0,100.0,100.0,100.0,0.0,94.65853658536585,97.04312940576929,72.05461682881037,69.70247682842003,11.609155395725264,93.62318840579711,96.47814536564435,66.18659050727595,63.157958865781254,5.6782354455300625
