Name,Train Accuracy,Train F1 Negative,Train F1 Positive,Train MCC Score,Train MCC Std,Validation Accuracy,Validation F1 Negative,Validation F1 Positive,Validation MCC Score,Validation MCC Std,Test Accuracy,Test F1 Negative,Test F1 Positive,Test MCC Score,Test MCC Std
svcrbf,99.91565448247573,99.91561174216989,99.91569715072698,99.83139422952073,0.11924234956403819,96.48263118994826,98.06635196017537,80.47703209327236,79.50992370528122,9.031903615848185,95.65217391304347,97.60707418664865,76.23031938821411,74.48251116264484,3.884160077974984
svclin,99.84817237135955,99.84798703493891,99.84835710736454,99.69671361629247,0.07535282011926478,94.78418329637842,97.09389050067016,74.5719378660555,71.72524959023772,7.63709363890696,93.81642512077295,96.53664988868222,71.12186552695566,67.86798780287718,2.5087734761980283
logistic,98.8192766965954,98.81633594918824,98.82219989626114,97.6402849708252,0.6201462856709621,94.660014781966,96.99027143125805,76.24513773120584,73.87658127301465,4.518368013789698,92.65700483091788,95.84189372787084,68.61774497032857,65.27961470588109,3.055805739392258
random,100.0,100.0,100.0,100.0,0.0,94.41980783444198,96.99063734662676,61.18461538461539,64.18013906804802,10.630138507620721,94.78260869565216,97.17055173655031,66.51256396986948,67.57921182408913,5.284897460360234
knn,91.83529123558635,91.10915066703465,92.45174872548833,84.80916929204187,0.2704957084268537,79.00073909830007,86.84684467579204,47.27763948158685,46.53869378057023,1.2909372098620868,74.97584541062801,83.97909898862949,42.330815610701755,40.57414780102637,3.910493394949444
xgb,100.0,100.0,100.0,100.0,0.0,93.93126385809313,96.62955909729412,69.0910910910911,66.5502992028492,6.685754606273111,91.88405797101449,95.47337149481923,60.753880266075384,56.28666096897227,2.8523421333724195
