Name,Train Accuracy,Train F1 Negative,Train F1 Positive,Train MCC Score,Train MCC Std,Validation Accuracy,Validation F1 Negative,Validation F1 Positive,Validation MCC Score,Validation MCC Std,Test Accuracy,Test F1 Negative,Test F1 Positive,Test MCC Score,Test MCC Std
svcrbf,99.86506426325144,99.86486484076553,99.86526306219608,99.7305255028662,0.09205413574778283,96.96526237989653,98.33610256252739,82.62495568947182,82.15834969070738,9.141101107250233,95.3623188405797,97.4683998180735,72.39402427637722,71.85957345279083,1.7637168026567926
svclin,99.73015701198668,99.72930090456023,99.73100726867513,99.46200872851269,0.24878374124923902,94.17590539541759,96.73060681432739,73.04605847473779,70.42752750439655,3.325780981801435,94.58937198067633,97.00025743612687,72.23646854981004,69.76604247394339,5.523305588231805
logistic,98.44816781368213,98.44780522321255,98.44849316296514,96.89865155166565,0.5528054880291812,94.05173688100517,96.64042977118167,73.83716907389791,71.45672836344775,8.42886156475367,92.94685990338164,96.06437669736513,66.05355884425651,62.15833810242276,1.9551327448124078
random,100.0,100.0,100.0,100.0,0.0,93.81152993348114,96.66981840819552,56.238735177865614,59.885906598780764,7.095299562067304,94.68599033816425,97.12492994135579,64.95967741935485,67.00644719994145,2.5227222244258125
knn,91.78455858894309,91.04181742456771,92.41279597449599,84.72750542765375,1.478352938497442,78.40280857354028,86.44800372799584,46.51005045188101,45.7001203056872,3.702705257701692,80.8695652173913,88.34343958905154,46.375498375498374,43.03810243824477,6.326127110384419
xgb,100.0,100.0,100.0,100.0,0.0,95.0229120473023,97.22889341757988,75.50401069518716,73.0270287031894,10.883710533703349,93.91304347826087,96.64311229000884,67.38738738738739,64.39383620296817,4.534565423858382
