Name,Train Accuracy,Train F1 Negative,Train F1 Positive,Train MCC Score,Train MCC Std,Validation Accuracy,Validation F1 Negative,Validation F1 Positive,Validation MCC Score,Validation MCC Std,Test Accuracy,Test F1 Negative,Test F1 Positive,Test MCC Score,Test MCC Std
svcrbf,100.0,100.0,100.0,100.0,0.0,95.26755358462677,97.4377136429872,68.79774557165862,70.63130420372639,10.542940938109242,94.68599033816425,97.12820219266469,64.45967741935483,67.02234034193589,2.4941827471092646
svclin,99.96969696969697,99.9831223628692,99.85185185185185,99.8356504923163,0.36749667124936736,94.90465631929047,97.1730698804912,73.81469656469656,71.82573343901198,14.121087594508419,94.58937198067632,96.94072424097126,76.58472479901052,74.27368971134943,5.205987378586584
logistic,99.96969696969697,99.9831223628692,99.85185185185185,99.8356504923163,0.36749667124936736,95.39024390243902,97.43586242162357,76.68569345398615,75.2762214554836,11.974306622076714,94.3961352657005,96.81916210948889,76.45444305381727,74.40110589182072,1.7318342581411503
random,99.9393019726859,99.96621619211687,99.70147591200222,99.66906320060056,0.4531702794248266,96.23798965262381,97.95492130084901,76.34693193516722,77.10805064272229,11.734659970384184,95.36231884057972,97.4661566600569,72.63492063492063,71.89176897388329,3.745907740573132
knn,100.0,100.0,100.0,100.0,0.0,94.78048780487805,97.09045466850574,74.18130888719125,72.1333568884464,7.90004069722443,93.81642512077295,96.50056058370099,73.41801514932214,70.72294446264235,3.579818549398327
xgb,100.0,100.0,100.0,100.0,0.0,95.99408721359941,97.79239799549548,78.17859112213951,76.94655226492884,10.32314697497228,95.55555555555556,97.54310340476354,76.5880949875478,74.77922514848626,3.8562423293589054
