Name,Train Accuracy,Train F1 Negative,Train F1 Positive,Train MCC Score,Train MCC Std,Validation Accuracy,Validation F1 Negative,Validation F1 Positive,Validation MCC Score,Validation MCC Std,Test Accuracy,Test F1 Negative,Test F1 Positive,Test MCC Score,Test MCC Std
svcrbf,96.63240906791744,98.10362019680761,84.97136555554405,83.62571866997794,2.0496600354093717,93.20768662232076,96.16989034061018,69.95881595881596,66.76716105668518,9.799636267055309,94.39613526570048,96.83529829673765,75.51866584438278,72.99487767017138,5.080649113552757
svclin,99.87860394537178,99.93243240833309,99.40296844931565,99.33949533129643,0.6897629048530186,93.56984478935699,96.41997309782545,68.3853238265003,64.94709301645005,6.845525833988654,95.55555555555557,97.4967114603434,80.18840579710145,78.18660743186226,1.507388899931747
logistic,98.45279808709248,99.131941601118,92.88829714082671,92.32740785603559,1.460562629788046,93.08499630450851,96.10117568885462,69.41970310391363,66.2090125624575,9.838209793998208,94.00966183574879,96.6032769383759,74.63413620767456,72.24138818153678,2.0766988661331216
random,100.0,100.0,100.0,100.0,0.0,95.38950480413897,97.50377600590775,69.71025256602468,71.51497102453065,8.07324372940728,95.55555555555557,97.5869450598091,71.88502673796793,73.14087219459493,2.7410197949137083
knn,96.35935991171198,97.99466525614123,80.256031954402,78.70973705923674,2.580106738618471,95.39320029563932,97.46253707048409,74.90462225946096,72.89178041742571,18.542346353286735,97.77777777777779,98.77333029923768,88.20242914979757,87.31771109847355,1.5774836226560112
xgb,100.0,100.0,100.0,100.0,0.0,95.38950480413894,97.45141786081383,75.83333333333334,73.51823818919317,11.704744673809609,96.6183574879227,98.13699627503352,81.67782673559311,80.4191172732508,5.472175578392218
