Name,Train Accuracy,Train F1 Negative,Train F1 Positive,Train MCC Score,Train MCC Std,Validation Accuracy,Validation F1 Negative,Validation F1 Positive,Validation MCC Score,Validation MCC Std,Test Accuracy,Test F1 Negative,Test F1 Positive,Test MCC Score,Test MCC Std
svcrbf,97.33034441532166,98.49991394961347,87.85608613008472,86.75181420302255,2.120530766585829,93.80709534368071,96.5230855109962,71.37386269644335,68.38538362513978,14.400817625696563,93.14009661835749,96.16782158233698,67.30091613812544,63.53507409707472,2.881261392947839
svclin,99.90899894238287,99.94933855498607,99.55332776385407,99.50471369291685,0.45215468082731197,95.26533628972653,97.37895750422408,75.18622553916673,73.0746455004507,8.360694000720214,93.23671497584542,96.22279604233367,67.62187820828194,63.97065164814942,3.2012523707571674
logistic,98.72593921000598,99.28568037846358,94.10800737192811,93.62390634676936,2.442837356863174,94.2919438285292,96.79992582328141,73.33741502841673,70.68818446527655,14.384239452512336,93.33333333333334,96.27532073455491,68.23727671048196,64.59324693741175,2.3973197853749277
random,100.0,100.0,100.0,100.0,0.0,94.90317812269032,97.24241057705453,66.31428571428572,68.35269001741086,5.711698691326081,94.29951690821255,96.92585025940119,60.84093437152391,64.13540141491059,3.077463606332637
knn,97.3298845817814,98.53039822651435,85.3999017997946,84.48223668090412,2.6005868860782786,95.50628233555064,97.53926625674795,74.00298255693139,72.66096632947315,15.675216962077075,93.91304347826087,96.62764795578138,68.72497728460948,65.5345775514206,2.958963444231051
xgb,100.0,100.0,100.0,100.0,0.0,95.87065779748707,97.72660113822295,77.37604540023895,75.54004278421714,11.60369847341398,93.42995169082126,96.39812203659754,62.57089668854375,60.03704497433997,4.572721386322108
