Name,Train Accuracy,Train F1 Negative,Train F1 Positive,Train MCC Score,Train MCC Std,Validation Accuracy,Validation F1 Negative,Validation F1 Positive,Validation MCC Score,Validation MCC Std,Test Accuracy,Test F1 Negative,Test F1 Positive,Test MCC Score,Test MCC Std
svcrbf,97.29985745160252,98.47947019660448,87.94432373520249,86.97000690343378,2.319005115291661,94.53880266075387,96.92451287002248,75.58713219394335,73.03891247903843,6.792327204250412,92.17391304347825,95.59345678101654,65.01317523056653,60.998074876980795,2.764091409646751
svclin,99.93934795603992,99.96621619211687,99.7037037037037,99.67127268548542,0.4501284163492387,95.14486326681448,97.28989629038385,76.68720821662001,74.12562143348187,8.65006576504334,93.42995169082126,96.31686118376548,69.51606798241524,66.06408530929255,4.272262309955209
logistic,98.66510323262979,99.25262307763117,93.75764499064731,93.20385194114576,0.9372484477960138,94.05321507760532,96.65333725461238,73.29386529386531,70.42059899084339,7.533985793769376,91.0144927536232,94.90792239036732,61.78641669433731,57.49849399840146,2.251018737580918
random,100.0,100.0,100.0,100.0,0.0,95.50997782705099,97.56891856618154,70.48280304292298,72.27982771154805,10.61115012893309,95.74879227053141,97.6869595455968,73.74083269671505,74.4392082164099,2.730319920282143
knn,96.90536625741483,98.30029304209651,82.72967702649535,81.83404270798536,1.8676022751121186,95.87139689578714,97.73504872639326,76.61830123899088,75.42113206423899,9.82143135637168,94.78260869565217,97.11827277394329,72.44791152364965,69.83555585224258,4.1549524644180575
xgb,100.0,100.0,100.0,100.0,0.0,96.48041389504803,98.06011571303554,80.96020108923335,79.60626106675998,9.694923756616642,94.20289855072464,96.801087710377,69.08101169205149,66.26396414262577,1.2916531497001729
