Name,Train Accuracy,Train F1 Negative,Train F1 Positive,Train MCC Score,Train MCC Std,Validation Accuracy,Validation F1 Negative,Validation F1 Positive,Validation MCC Score,Validation MCC Std,Test Accuracy,Test F1 Negative,Test F1 Positive,Test MCC Score,Test MCC Std
svcrbf,99.6056927392284,99.78021968357776,98.08482277320995,97.87888078835672,1.577518919649465,96.48263118994826,98.06150260669706,81.01112347052279,79.59371358811741,6.613856408483065,94.97584541062801,97.21837283199173,74.05776636713736,71.44239673102575,3.85831030316911
svclin,99.15059548443465,99.52525065816548,95.9702884761269,95.60275598999607,1.5465833702439438,94.29933481152993,96.8037666968585,73.61397133533356,70.78090433170027,10.266160603899808,93.52657004830918,96.35848973532973,70.84934450891897,67.55619859772979,4.492953369443259
logistic,97.84609371407551,98.79029669655074,90.18223540396616,89.34277487886598,2.2080322673747825,93.93348115299334,96.56994169004476,73.6923076923077,71.17915921921056,7.236271781052803,92.27053140096618,95.60919954362576,67.73333333333332,64.44562574415573,4.679991201179275
random,100.0,100.0,100.0,100.0,0.0,91.99186991869918,95.73966597163206,32.9004329004329,41.8886363666431,13.158083471561577,92.27053140096618,95.87654340770946,38.365811965811965,46.73265615170938,3.4115095666289266
knn,96.78406216949463,98.2272794345221,82.69510708113447,81.31014658802337,2.6316009344872886,95.75388026607538,97.65881501988342,77.18047830923248,75.25414376265331,6.273965772786461,95.94202898550726,97.77381976245279,77.05687295160979,75.89802110519707,3.6913141264652785
xgb,100.0,100.0,100.0,100.0,0.0,94.90539541759054,97.21539582543717,70.04027900579625,68.941627754546,9.63797465234793,93.52657004830918,96.46433145228502,61.652541770188826,59.81945622770752,1.9651708190223731
