Name,Train Accuracy,Train F1 Negative,Train F1 Positive,Train MCC Score,Train MCC Std,Validation Accuracy,Validation F1 Negative,Validation F1 Positive,Validation MCC Score,Validation MCC Std,Test Accuracy,Test F1 Negative,Test F1 Positive,Test MCC Score,Test MCC Std
svcrbf,97.02662436198098,98.32586289536589,86.72021606405842,85.61629298385239,1.3202992883049842,93.81226903178123,96.51779740883856,71.97928868517104,69.20910934351821,8.203950746623578,95.16908212560386,97.27636227610506,78.63693858672052,76.47799641475657,3.749917849637679
svclin,99.93934795603992,99.96624472573839,99.70147591200222,99.66909149974774,0.45313195907405956,95.62823355506282,97.55917603149844,78.99793471949668,76.93028778043535,9.224908567421087,95.26570048309179,97.35263888053059,77.61834727456566,75.0849597757634,2.1745980485125
logistic,98.42235710672736,99.11515185845684,92.72946904179499,92.14368969007596,1.3164794792350427,93.81079083518107,96.52532430867026,71.47554066671714,68.71863420104117,7.082241972040277,94.68599033816426,96.98081292118127,77.81655859668281,76.01433674492063,2.8087260767399242
random,100.0,100.0,100.0,100.0,0.0,95.26607538802661,97.44253264659116,68.03842917251052,70.33146044751223,11.199207480920316,95.16908212560386,97.38540448798054,68.13505201858274,70.19428221383973,8.315146734135952
knn,96.72331815882652,98.19408125397499,82.33061887558013,80.92866796532853,2.014180970976977,95.87509238728751,97.7319658510747,77.21078976640712,75.64821612439131,8.362655089151504,96.71497584541063,98.198806709445,81.34502923976608,80.78633519312604,3.2860465007009045
xgb,100.0,100.0,100.0,100.0,0.0,95.3880266075388,97.46287401534127,74.41347231669813,73.03612309434077,11.135869625802489,96.42512077294685,98.01861020894489,81.68857458331142,79.92671336751405,5.635252599452048
