Name,Train Accuracy,Train F1 Negative,Train F1 Positive,Train MCC Score,Train MCC Std,Validation Accuracy,Validation F1 Negative,Validation F1 Positive,Validation MCC Score,Validation MCC Std,Test Accuracy,Test F1 Negative,Test F1 Positive,Test MCC Score,Test MCC Std
svcrbf,99.42359865728608,99.6785251802195,97.21552724901801,96.93750676244017,1.3135954506715835,95.7538802660754,97.65567990037151,77.47059021808744,75.62185300445148,7.046536586582865,95.45893719806763,97.49303447491181,75.91093117408907,73.72035464486481,2.371264461627078
svclin,98.72570929323585,99.28634951433885,94.05633802816901,93.55861525257849,1.2177214961194134,92.3540280857354,95.68800864824428,66.07287960229135,62.382596769296526,4.1187053330859875,94.39613526570048,96.87407729126417,72.88389130249595,69.9017316224988,3.1391279555155656
logistic,97.02671632868903,98.323427097012,86.86932596050461,85.86102118773749,2.1904718519226956,92.59571322985957,95.80505144785164,68.45756282598387,65.20890835297422,5.601190898762174,93.91304347826087,96.56673807197889,73.18223866790008,70.31276422493262,4.807368173514474
random,100.0,100.0,100.0,100.0,0.0,91.14116777531413,95.30584123893945,21.321637426900583,32.69436075411841,6.149401682046997,91.88405797101449,95.68088921045572,32.57056856187291,41.952545351274665,10.051916693187987
knn,96.75366717248356,98.20993706478991,82.570411152705,81.16009432030692,2.451870706096702,95.87435328898744,97.73332592584362,77.04020340060384,75.49461083496278,7.745330468358406,96.1352657004831,97.87205147017326,78.96925265346317,77.41038414735645,1.8879098108475607
xgb,100.0,100.0,100.0,100.0,0.0,93.4471544715447,96.41486315652836,61.79349641418607,59.67484858101453,9.636070544761301,95.07246376811595,97.31506895130185,70.04621848739495,69.75895726611544,4.449124242146399
