Name,Train Accuracy,Train F1 Negative,Train F1 Positive,Train MCC Score,Train MCC Std,Validation Accuracy,Validation F1 Negative,Validation F1 Positive,Validation MCC Score,Validation MCC Std,Test Accuracy,Test F1 Negative,Test F1 Positive,Test MCC Score,Test MCC Std
SVC RBF,100.0,100.0,100.0,100.0,0.0,95.26755358462677,97.4377136429872,68.79774557165862,70.63130420372639,10.542940938109242,94.68599033816425,97.12820219266469,64.45967741935483,67.02234034193589,2.4941827471092646
SVC Lin,99.96969696969697,99.9831223628692,99.85185185185185,99.8356504923163,0.36749667124936736,94.90465631929047,97.1730698804912,73.81469656469656,71.82573343901198,14.121087594508419,94.58937198067632,96.94072424097126,76.58472479901052,74.27368971134943,5.205987378586584
Logistic,99.96969696969697,99.9831223628692,99.85185185185185,99.8356504923163,0.36749667124936736,95.39024390243902,97.43586242162357,76.68569345398615,75.2762214554836,11.974306622076714,94.3961352657005,96.81916210948889,76.45444305381727,74.40110589182072,1.7318342581411503
Random,99.96965098634294,99.9831223628692,99.84962406015038,99.83344100743145,0.3724372296471813,95.87287509238729,97.76127183139316,73.43264622088151,74.52464935684202,12.804339375925508,95.55555555555557,97.5739407151711,73.53688141923438,73.13393174519976,4.166541250926623
KNN,100.0,100.0,100.0,100.0,0.0,94.78048780487805,97.09045466850574,74.18130888719125,72.1333568884464,7.90004069722443,93.81642512077295,96.50056058370099,73.41801514932214,70.72294446264235,3.579818549398327
XGB,100.0,100.0,100.0,100.0,0.0,96.11456023651144,97.85937207864117,78.86787788901248,77.44829310507905,7.496053102255798,95.45893719806763,97.49813187632358,75.41590983696247,73.44446388926904,6.482653674286194
