Name,Train Accuracy,Train F1 Negative,Train F1 Positive,Train MCC Score,Train MCC Std,Validation Accuracy,Validation F1 Negative,Validation F1 Positive,Validation MCC Score,Validation MCC Std,Test Accuracy,Test F1 Negative,Test F1 Positive,Test MCC Score,Test MCC Std
svcrbf,96.99645928174003,98.31061751930987,86.47185607185607,85.25771455509532,1.1187108725437591,94.17442719881743,96.73643205785895,72.85349520643639,69.84128831347743,7.8930967786813575,93.42995169082126,96.31548885776458,69.67151974969886,66.1954437085055,2.6647379923605077
svclin,99.93934795603992,99.96624472573839,99.70147591200222,99.66909149974774,0.45313195907405956,95.02365114560237,97.22606880970675,75.66128466128467,73.21318139033708,9.204004437674017,94.78260869565217,97.10101781791016,73.87905892557055,71.10615327753558,4.922996119503563
logistic,98.39187014300823,99.0980158976279,92.59299386059949,91.99470962049178,1.2055179284045399,93.93052475979304,96.58262143409817,72.81020733652312,69.84678599930311,7.851563098188457,93.81642512077295,96.52728477796597,71.77949709864603,68.57315064571019,4.247906346802598
random,100.0,100.0,100.0,100.0,0.0,95.02439024390245,97.31135541643717,66.47112951460777,68.84501344697578,8.538527554390729,95.36231884057972,97.48222512449789,70.62158587775288,71.74582395272668,4.512040298037644
knn,96.96606428472893,98.32658772674208,83.75292627648741,82.45420433621885,2.799422198105266,96.11529933481152,97.87150837854539,77.68830650254452,76.8000909375816,8.68331299548591,96.1352657004831,97.87147124163224,79.01137980085348,77.49353612372269,3.146120551303997
xgb,100.0,100.0,100.0,100.0,0.0,95.63340724316335,97.60751578623133,75.01149425287358,73.73170931789605,10.070250629772124,95.74879227053141,97.64643487644011,78.00751879699247,75.89609042271424,4.958147275003238
