Name,Train Accuracy,Train F1 Negative,Train F1 Positive,Train MCC Score,Train MCC Std,Validation Accuracy,Validation F1 Negative,Validation F1 Positive,Validation MCC Score,Validation MCC Std,Test Accuracy,Test F1 Negative,Test F1 Positive,Test MCC Score,Test MCC Std
svcrbf,99.2112015450407,99.5594073656124,96.23782868578596,95.88084092719562,1.6689658128436016,95.86917960088691,97.72034722428654,77.95573513053719,75.8899752594164,14.14361645870451,94.78260869565216,97.12705230401143,71.59431496273601,69.31496426653732,1.9006958246426113
svclin,98.48300915068745,99.14843650963573,93.05586655420954,92.51627474555951,2.6124623594178833,93.32224685883223,96.2501245973253,69.24861193961364,66.0813539070544,11.116493061634896,91.78743961352657,95.41819895631957,60.30867683041596,55.850852993565695,5.655322121648288
logistic,97.26964638800754,98.4623106423325,87.81898742267407,86.84258784943715,1.837165087333339,92.95861049519587,96.01966373596136,68.98949268049438,66.18958050808538,11.292089142967628,91.69082125603866,95.33806973459471,61.76299535596483,57.303083411431885,6.2688191574902286
random,100.0,100.0,100.0,100.0,0.0,91.6260162601626,95.55149880717768,28.65497076023392,38.97631034013457,6.17420766974033,91.78743961352657,95.63058037596208,31.68888888888889,41.430476106959894,6.265842992629369
knn,97.724191842553,98.74900383479644,87.39985275957062,86.80807752645742,3.9221462706344767,96.35624538063561,98.00750254105102,78.63821828894132,77.91144427762906,10.809567491485657,95.07246376811594,97.30310813742713,71.47490347490347,70.18482387430817,3.4704352238475096
xgb,100.0,100.0,100.0,100.0,0.0,94.90243902439025,97.21497606714313,69.80529100529101,68.88807802527144,5.1221612878895995,95.55555555555557,97.57726703640822,73.12418300653596,73.00776114195428,5.398725760058847
