Name,Train Accuracy,Train F1 Negative,Train F1 Positive,Train MCC Score,Train MCC Std,Validation Accuracy,Validation F1 Negative,Validation F1 Positive,Validation MCC Score,Validation MCC Std,Test Accuracy,Test F1 Negative,Test F1 Positive,Test MCC Score,Test MCC Std
svcrbf,99.60564675587436,99.78024804850347,98.08018999785233,97.88203095921963,0.6890260081328515,95.87213599408722,97.73372447703866,76.83456486042692,75.44905042013595,7.435154353049459,97.77777777777779,98.7690437890974,88.5803627267042,87.50019428694081,2.432656780354425
svclin,98.60440520531567,99.21785933521736,93.52805723228258,92.99642765018658,0.7352408533686017,92.35328898743532,95.68098880139229,66.17374399870813,62.67432050505714,6.091404051467117,95.16908212560386,97.27983759382485,78.37098626779107,76.10954089044381,8.057718465836235
logistic,96.72322619211846,98.15108967314009,85.60843003868214,84.4971134448377,1.3378103013659137,91.98891352549889,95.44557892861795,66.38635054491833,63.16119715715182,4.919951592654455,93.91304347826087,96.53203453596839,75.03452691125962,72.90212708051719,6.468903760197933
random,100.0,100.0,100.0,100.0,0.0,91.99039172209903,95.73689079791959,33.72248803827751,43.10150547084861,5.1095439863782595,91.59420289855072,95.53249461009105,28.8628762541806,39.04440364202878,7.608390482891169
knn,96.90522830735274,98.30467869696295,82.26163915620882,81.7667822469902,2.8077563208846277,95.50923872875092,97.54807751700329,73.2453687292397,72.6920142492519,5.948660582428864,97.3913043478261,98.56312056737588,85.85695006747638,84.95361373247584,4.879416253949166
xgb,100.0,100.0,100.0,100.0,0.0,94.41685144124168,96.94683486316151,67.13115101435457,66.01758556994635,7.564636021539784,95.26570048309178,97.39146376453009,74.38821412505624,72.3327016308494,5.033880083979797
