Name,Train Accuracy,Train F1 Negative,Train F1 Positive,Train MCC Score,Train MCC Std,Validation Accuracy,Validation F1 Negative,Validation F1 Positive,Validation MCC Score,Validation MCC Std,Test Accuracy,Test F1 Negative,Test F1 Positive,Test MCC Score,Test MCC Std
svcrbf,97.57263070768383,98.63689176074311,88.92148597932236,87.91091446808994,3.41269601777731,94.41685144124168,96.86734608963586,74.28241040005747,71.49314017627725,8.75772704366548,94.87922705314011,97.14774291717991,74.94456762749445,72.14857828519284,4.831239230416925
svclin,99.96965098634294,99.98309382924768,99.85185185185185,99.83562219316912,0.367559950066194,95.14560236511457,97.28406507594036,76.95768833849328,74.81200925871737,4.047332943990892,97.00483091787439,98.34494251131,84.2451861360719,82.879746963397,3.067859856953665
logistic,98.78636133719593,99.32047785733997,94.32771777132112,93.84704962713246,1.3488072419669928,94.4161123429416,96.8493946847202,75.34232704964413,72.95946226762604,8.704420987888708,95.36231884057972,97.40449250749221,78.22226015754832,75.77380645181272,2.241403720447258
random,100.0,100.0,100.0,100.0,0.0,94.9039172209904,97.24920151442522,65.22708645677162,67.91476635229432,10.063542727199032,95.36231884057972,97.48470442329317,70.28958944281526,71.80800755753782,3.023065017141108
knn,96.75362118912955,98.21173257800952,82.39917251693866,81.08291666042672,1.995112376962917,96.23872875092387,97.92402794778518,79.89984344430461,78.42330009004571,6.036985504719913,95.3623188405797,97.44397163120568,75.00674763832657,72.8761581336945,3.2212466309797616
xgb,100.0,100.0,100.0,100.0,0.0,96.60236511456023,98.13501014560617,80.86077363496719,79.78617068068932,10.518891932246934,94.78260869565217,97.13103153252823,71.22308543361174,69.01389239503465,5.025449242990521
