Name,Train Accuracy,Train F1 Negative,Train F1 Positive,Train MCC Score,Train MCC Std,Validation Accuracy,Validation F1 Negative,Validation F1 Positive,Validation MCC Score,Validation MCC Std,Test Accuracy,Test F1 Negative,Test F1 Positive,Test MCC Score,Test MCC Std
svcrbf,98.81919124014402,98.82241936514865,98.81587668885098,97.64389894775674,0.550713311199117,96.11825572801183,97.84236010985771,80.67067736185383,78.64527633320867,6.305525033728937,95.84541062801932,97.68593208126693,79.64502164502164,77.44764553621471,4.2324302908079465
svclin,99.98313659359191,99.9831223628692,99.98315080033699,99.9663015767367,0.0753519651512864,94.90317812269032,97.17033690188052,74.34714795008912,71.60337437693333,4.171431680603619,95.74879227053141,97.63756648911976,78.78251357264404,76.45536222922811,3.8787238345276007
logistic,99.57827241237865,99.57728699483931,99.57925160442139,99.15798514577348,0.357663565114513,94.66223207686622,97.0042292504123,75.39903234020883,72.94310924428824,6.235961112973172,93.719806763285,96.45173421845361,72.66038647342995,69.7754955113528,3.4235320967686365
random,100.0,100.0,100.0,100.0,0.0,96.72505543237251,98.21338680986005,80.3113300492611,80.57684364574395,5.87689256886301,96.61835748792271,98.14687388706363,80.6783625730994,80.18051499119801,3.0002026602128646
knn,85.84715828813637,83.50511027318,87.60561108316287,74.75572903836333,1.3595316902260937,66.99482631189949,77.55987843480968,37.170852376427284,36.74083816942225,5.365562105592869,63.18840579710145,74.37288039845046,34.650278339866645,33.71114875789688,0.9326666851516324
xgb,100.0,100.0,100.0,100.0,0.0,96.36067997043607,97.9905484155211,80.67998955067921,79.1413268378387,4.295226997200881,94.58937198067632,96.96826393382948,74.85649212039506,71.98182784834384,6.800293232307496
