Name,Train Accuracy,Train F1 Negative,Train F1 Positive,Train MCC Score,Train MCC Std,Validation Accuracy,Validation F1 Negative,Validation F1 Positive,Validation MCC Score,Validation MCC Std,Test Accuracy,Test F1 Negative,Test F1 Positive,Test MCC Score,Test MCC Std
svcrbf,98.22871564650656,98.24500586461134,98.21207437177478,96.47429550921655,0.8819929170854699,95.87509238728751,97.7024047261508,79.58956532899802,77.63285904470376,11.73682940517099,94.97584541062801,97.22151545146764,73.77999407524439,71.2138804280695,3.767168447150603
svclin,100.0,100.0,100.0,100.0,0.0,95.63266814486326,97.57444967648694,77.72991531612222,75.72387543379948,8.711981487963085,94.29951690821255,96.81696974706759,72.66097729300274,69.59871891181123,6.234956115329068
logistic,99.54454559956245,99.54424598460646,99.54484269624129,99.0897403366209,0.19274618549926323,95.39024390243902,97.42028450083419,78.18680121099476,75.86169577147913,7.542147025826714,93.23671497584542,96.21378281121109,68.29198181004217,64.65256535780726,3.39308007638546
random,100.0,100.0,100.0,100.0,0.0,96.72283813747228,98.21331911791714,80.01939476911669,80.20555229791533,9.337533228634083,95.84541062801932,97.72667004971905,75.8894188305953,75.09137295946444,4.25981552855226
knn,85.62847522902328,83.17422226258722,87.45027171053913,74.39609914907189,3.2646466721512675,67.5949741315595,78.15306447391676,37.17838560814548,36.45330155393881,5.551001094179975,66.95652173913044,77.49440440123445,37.671242953512,37.611378416366136,2.6664442753285775
xgb,100.0,100.0,100.0,100.0,0.0,96.1160384331116,97.85536604834599,79.30337861372342,77.3986217516813,12.455396826833011,93.91304347826086,96.60752187201713,70.39668216072073,67.0386914638165,4.114561646148176
