Name,Train Accuracy,Train F1 Negative,Train F1 Positive,Train MCC Score,Train MCC Std,Validation Accuracy,Validation F1 Negative,Validation F1 Positive,Validation MCC Score,Validation MCC Std,Test Accuracy,Test F1 Negative,Test F1 Positive,Test MCC Score,Test MCC Std
svcrbf,98.5831035504307,98.58438935616194,98.58178184345881,97.16909779318586,0.6141442611908837,95.2668144863267,97.37141008473705,76.1729055258467,73.6976842530888,4.62257359345362,97.3913043478261,98.54879863039112,87.09276769741886,85.74825216141865,4.502777650132342
svclin,99.9662447017,99.96621619211687,99.96627316320618,99.93254627841641,0.09236486696890397,93.810051736881,96.54566557865961,69.87093916353551,66.7220096499216,5.439507567104755,96.81159420289855,98.2238819621975,84.40264160116683,82.71118606529214,3.4760563237619695
logistic,99.42647326922199,99.42410064192825,99.42882481742129,98.85649119287768,0.27644891894143525,93.44641537324465,96.32423101067168,69.47465437788017,66.25269037688878,4.043603744818817,95.55555555555556,97.49275853887202,80.37929131391503,78.45503864243906,4.656107944044256
random,100.0,100.0,100.0,100.0,0.0,96.60088691796008,98.14697741608464,79.39338624338625,79.57298134044086,9.487271131402812,97.487922705314,98.6218094288527,85.82266477003319,85.53286992492835,2.4459547102572525
knn,85.74518025614147,83.35923760064993,87.53044962095747,74.59341446870525,1.8269517088551794,64.6829268292683,75.69404839019668,35.22964543556379,34.24641753741201,3.1125079400176037,67.2463768115942,77.76004396232462,37.658208528126686,37.36246500067809,2.420439953803625
xgb,100.0,100.0,100.0,100.0,0.0,94.78122690317812,97.12197324552737,71.60370258315344,69.79587341755665,9.448837646301776,97.10144927536233,98.38647228219098,85.72560364971625,84.29617170743542,5.231895610606312
