Name,Train Accuracy,Train F1 Negative,Train F1 Positive,Train MCC Score,Train MCC Std,Validation Accuracy,Validation F1 Negative,Validation F1 Positive,Validation MCC Score,Validation MCC Std,Test Accuracy,Test F1 Negative,Test F1 Positive,Test MCC Score,Test MCC Std
svcrbf,98.78557836926302,98.7804208541261,98.79066153872127,97.57800601914266,0.7809210844711525,95.14560236511457,97.29678179358942,75.83536585365854,73.98381692444926,6.829697558946196,95.36231884057972,97.418748747022,77.16883116883116,74.63322725658911,1.9417787857437716
svclin,100.0,100.0,100.0,100.0,0.0,95.1448632668145,97.2966998813412,76.10292982758776,73.69473129188627,9.31055231088244,94.20289855072464,96.7596164353648,72.48229414916632,69.3640975605909,2.819681341002135
logistic,99.52773916412195,99.52524882692776,99.53019803759739,99.06013755583054,0.45048360507362756,94.17368810051737,96.73621498083435,72.68367614551721,70.01647221876658,7.458602447781607,95.16908212560386,97.26260806041496,79.42890489529145,77.66330676216157,2.9704834102862305
random,100.0,100.0,100.0,100.0,0.0,96.23725055432372,97.95500363012654,76.36653895274586,76.64188085081108,15.297907723538426,96.81159420289855,98.25799329096587,81.17608517608518,81.29779702185579,4.680885034309341
knn,86.96031402397338,84.96803893805745,88.48157813529227,76.591457164495,2.887805637011307,68.57058388765707,78.9083284924545,37.709858924089644,36.27391447597881,7.8565107184317995,66.66666666666667,77.34438449416314,36.71537516247908,35.888407444921896,2.6173727906950734
xgb,100.0,100.0,100.0,100.0,0.0,95.26829268292684,97.385840327811,74.52026143790849,72.9964018852927,14.530603308763904,96.23188405797103,97.89522957802279,82.02134299808718,79.99643852173496,3.3332979450790994
