Name,Train Accuracy,Train F1 Negative,Train F1 Positive,Train MCC Score,Train MCC Std,Validation Accuracy,Validation F1 Negative,Validation F1 Positive,Validation MCC Score,Validation MCC Std,Test Accuracy,Test F1 Negative,Test F1 Positive,Test MCC Score,Test MCC Std
svcrbf,98.24580693678503,98.2424408791277,98.2490410081521,96.4981762595451,0.9067950622436254,94.42128603104213,96.88409821097473,73.37815126050421,70.36461503912116,13.630142124892393,95.84541062801932,97.67022552261838,80.81084133258045,78.7033083716078,3.408773618748845
svclin,99.9662447017,99.96621619211687,99.96627316320618,99.93254627841641,0.09236486696890397,93.69031781226903,96.4918271156766,68.58692919983244,65.2642016338393,8.306359946268303,95.3623188405797,97.38505792827897,79.50650380411183,77.46003493520467,2.3417297925656344
logistic,99.44336516111389,99.4407773803089,99.44592710201083,98.8911461185947,0.4053168526515096,93.32815964523283,96.24331813211246,70.17998217998219,67.00098083854272,10.062024299981815,94.29951690821255,96.77246909455395,75.59183673469389,73.23148443999966,3.2557601345180163
random,100.0,100.0,100.0,100.0,0.0,96.84626755358462,98.27630585087859,81.38850574712644,81.2828356298046,6.96375779296779,96.81159420289855,98.25158238951342,81.92192192192194,81.28902681055803,4.606769102929947
knn,85.07090036917187,82.44232974108189,87.01364404848746,73.49804563627842,1.311188835886654,65.77974870657798,76.5210290577769,36.617766469983216,36.404560530754495,3.027046710743548,65.02415458937199,75.85002046686989,36.53399126741654,36.58377290450322,2.4841670250562267
xgb,100.0,100.0,100.0,100.0,0.0,95.75461936437547,97.65291854776181,77.70402943258402,75.54767816117806,11.171460704840863,95.74879227053141,97.6433166765405,78.30572679353168,76.06558326165802,4.7147021624547625
