Name,Train Accuracy,Train F1 Negative,Train F1 Positive,Train MCC Score,Train MCC Std,Validation Accuracy,Validation F1 Negative,Validation F1 Positive,Validation MCC Score,Validation MCC Std,Test Accuracy,Test F1 Negative,Test F1 Positive,Test MCC Score,Test MCC Std
svcrbf,99.18089851473766,99.54250165630931,96.09189170402809,95.71903581840886,1.3988207169774742,96.11234294161123,97.85816250992791,78.8845831587767,77.04041770245253,13.647743495782521,94.78260869565216,97.12705230401143,71.59431496273601,69.31496426653732,1.9006958246426113
svclin,98.33135604911023,99.06271734240792,92.39873539717328,91.82023681495131,2.158211419959492,93.3229859571323,96.24798348722611,69.23037323037323,66.26406638659256,10.627238657241143,92.36714975845412,95.72899565982951,63.94032143419672,59.91708552442977,6.639408454571254
logistic,97.33029843196763,98.49664902573767,88.0810273195138,87.1337044624153,1.7742711302386354,92.9578713968958,96.0255162115352,68.75569817063085,65.77140384363237,12.088823562425528,92.56038647342994,95.83347630828632,65.2277996154252,61.2310909668362,4.772459361787185
random,100.0,100.0,100.0,100.0,0.0,91.86844050258685,95.67512266416118,31.96825396825397,41.639127342726184,7.410267142834413,91.30434782608697,95.38612825545556,24.32367149758454,35.139374094939825,9.551186905228146
knn,97.81519290017015,98.79810116959293,87.9992206326101,87.35080998827767,4.190099953887639,96.1130820399113,97.87106970719555,77.6178617040686,76.53279170429838,11.392128891152383,94.8792270531401,97.19391894086084,70.72410756621284,69.14579241622262,4.512298951299537
xgb,100.0,100.0,100.0,100.0,0.0,95.75092387287509,97.67563140755391,75.06297149684247,74.56716038494444,6.07144721033474,94.87922705314011,97.2204456936319,67.23453017570667,68.22913407051237,7.505240278510712
