Name,Train Accuracy,Train F1 Negative,Train F1 Positive,Train MCC Score,Train MCC Std,Validation Accuracy,Validation F1 Negative,Validation F1 Positive,Validation MCC Score,Validation MCC Std,Test Accuracy,Test F1 Negative,Test F1 Positive,Test MCC Score,Test MCC Std
svcrbf,99.6966018301375,99.83102396563936,98.51627483497546,98.36208241552605,0.5742103059393209,96.11899482631189,97.86796902109312,78.36728640288152,76.96805443777951,7.734923354571109,96.61835748792271,98.13502412538621,81.87883429988693,80.46001757943142,1.8501311134465896
svclin,98.72566330988182,99.28631997769753,94.05615581102545,93.55720043359506,1.079765819167016,93.69031781226903,96.45399049871615,71.25201825201825,68.22371061378469,4.625156922451082,93.52657004830917,96.35456154051478,71.05011785650791,67.87740873792404,4.756390600566469
logistic,97.42102358946063,98.5495808940537,88.3730531038378,87.39476477033682,2.5176618428465236,93.69179600886918,96.42656777354111,72.88496208000852,70.4182130116441,6.168136292358811,91.78743961352657,95.31160618602146,66.7915419939736,63.62567566708206,2.9698959244988483
random,100.0,100.0,100.0,100.0,0.0,91.26237989652626,95.36724565756825,23.111111111111107,34.18811844828603,6.995060519336917,91.20772946859903,95.33607614878368,23.356521739130432,34.54972921481833,5.246329509847939
knn,97.02676231204305,98.36513134946183,83.60041832092872,82.61535669223255,1.4219075868111601,96.23946784922394,97.93657813057166,78.76765188834155,77.80538993214435,5.449467649151022,96.71497584541063,98.1818128294457,82.99562226391495,81.32218440300743,2.324619669388254
xgb,100.0,100.0,100.0,100.0,0.0,95.51071692535109,97.55021741267856,73.06600985221675,72.68548235876997,7.384711368444668,95.16908212560386,97.35192590835348,72.44075211877069,71.0174303821914,4.786361183881083
