Name,Train Accuracy,Train F1 Negative,Train F1 Positive,Train MCC Score,Train MCC Std,Validation Accuracy,Validation F1 Negative,Validation F1 Positive,Validation MCC Score,Validation MCC Std,Test Accuracy,Test F1 Negative,Test F1 Positive,Test MCC Score,Test MCC Std
svcrbf,99.45385570423507,99.69551699978979,97.35270121412401,97.0846752107018,0.7139087921974306,96.35846267553585,97.99575719613655,79.93958869376,78.64040224582577,13.739425738745167,96.03864734299518,97.82012980416502,78.31491410438778,76.7680722008967,2.3871584390378207
svclin,99.08971352370443,99.4912374191442,95.68124878978804,95.29018109704812,1.195831391023988,93.08425720620843,96.11419175643583,68.51135911197832,65.13038123281896,13.028383338246408,94.29951690821255,96.84579485661884,70.30945104384517,67.4689386616477,5.334797142654059
logistic,97.90660780797351,98.82387648279791,90.48713191570333,89.72742786386833,1.1694688372783006,92.96230598669624,96.01652043034457,69.56981156981156,66.70782163375611,8.087569200960045,94.0096618357488,96.65579972405614,71.20242076763816,68.0242971085237,5.771601137207711
random,100.0,100.0,100.0,100.0,0.0,91.38654841093864,95.43464259890888,23.22488038277512,28.189488835153206,26.81491794076037,90.82125603864735,95.14091389063988,17.252964426877465,29.002642879342016,5.455442795206435
knn,97.26946245459145,98.4971242343467,85.07981975003199,84.13067986319902,2.3714200806477157,96.11825572801182,97.87157626432649,77.4920634920635,76.79467893292826,11.433078520247856,95.36231884057972,97.47582033255387,71.37147977470559,71.64643846337397,6.159275642771194
xgb,100.0,100.0,100.0,100.0,0.0,95.14634146341464,97.36825693115293,68.55644159487076,69.51968374045691,12.725552990216132,93.91304347826087,96.6828919548244,62.99964727905903,61.96097829747545,4.1657208942973325
