Name,Train Accuracy,Train F1 Negative,Train F1 Positive,Train MCC Score,Train MCC Std,Validation Accuracy,Validation F1 Negative,Validation F1 Positive,Validation MCC Score,Validation MCC Std,Test Accuracy,Test F1 Negative,Test F1 Positive,Test MCC Score,Test MCC Std
svcrbf,99.27199153906287,99.59324802052073,96.53507518541198,96.21113815964522,1.6070826321104283,95.87730968218773,97.72252285487811,78.18845657385211,76.2914614294267,11.185394697844082,97.00483091787439,98.33143540234963,85.37263077251734,83.74447542326172,2.9437672406039184
svclin,98.45266013703039,99.13197064762291,92.88154728206823,92.3197832453712,1.3325000437358723,92.84109386548411,95.96259562285198,68.30561698363556,64.94971096768087,8.575907808286294,94.4927536231884,96.87123601036227,77.00600554460736,75.06417284295213,2.867784176645062
logistic,96.63240906791741,98.0990846070603,85.25051524267006,84.10293722011325,1.8553291641367256,92.11382113821136,95.51198226733426,67.42346026953604,64.32961617321263,9.183518890957497,92.85024154589372,95.91691970005124,71.21169586715806,68.75161272759856,3.552041892912868
random,100.0,100.0,100.0,100.0,0.0,91.26311899482631,95.36878337314432,22.355889724310778,30.678139151472372,18.14680660757395,92.27053140096618,95.87756241967875,37.981196581196585,46.35720948164425,7.7314586614694125
knn,96.54136202694626,98.09612477830112,81.13255593582173,79.74218763481639,3.217856172910142,95.51367331855138,97.52942213736915,75.51190476190477,73.55424866931884,16.15911566925148,97.68115942028984,98.72196688236139,87.48620448235339,86.7916586029362,1.2557229558227576
xgb,100.0,100.0,100.0,100.0,0.0,95.87657058388766,97.75090057091694,75.17540594781974,75.06196961670487,9.390121853900176,97.00483091787439,98.3409403433997,84.59760564638614,83.09597986299768,3.4066968736980203
