Name,Train Accuracy,Train F1 Negative,Train F1 Positive,Train MCC Score,Train MCC Std,Validation Accuracy,Validation F1 Negative,Validation F1 Positive,Validation MCC Score,Validation MCC Std,Test Accuracy,Test F1 Negative,Test F1 Positive,Test MCC Score,Test MCC Std
svcrbf,99.72690486044053,99.84798703493891,98.6576889763896,98.51445243484595,0.371645312650762,96.96747967479675,98.326335758085,83.79244912648042,82.42663112977434,9.244406496438181,94.87922705314008,97.17900709219857,72.28070175438596,69.92077817792571,3.6163984368685775
svclin,98.75605830689291,99.30342853924085,94.192172782601,93.7042308177692,1.4152700122693862,93.93348115299335,96.61311156488482,70.72798605056668,67.54433298075871,11.69384939759517,93.42995169082126,96.3078610509111,70.19146132929666,66.80472571955993,3.437353901260403
logistic,97.26950843794546,98.46308049816203,87.77471498723943,86.7666964339758,2.8488446195151624,93.44641537324465,96.28163510102765,72.19495692683107,69.56436286049647,6.257589368522114,91.98067632850241,95.47620733722859,64.6985815602837,60.68505138451961,2.106461616689881
random,100.0,100.0,100.0,100.0,0.0,91.38433111603844,95.4301877917731,24.145363408521305,32.17189684564,18.65346313704139,91.78743961352657,95.63007283973016,31.89230769230769,41.64833684437742,3.7984458810347745
knn,96.96615625143698,98.33165737997885,83.27556939836167,82.26084962528384,1.987513536980594,96.72283813747228,98.20588257560317,80.94792901244514,80.61578021711728,5.9787438212456605,96.03864734299518,97.8297054159123,77.32732732732732,76.40490504501405,3.3933629926067126
xgb,100.0,100.0,100.0,100.0,0.0,94.66075388026607,97.06732931514176,69.96261802713416,68.16896071566843,14.5611687705918,94.10628019323671,96.80940100668606,61.36669829222011,62.44552710552457,9.485021435007907
