Name,Train Accuracy,Train F1 Negative,Train F1 Positive,Train MCC Score,Train MCC Std,Validation Accuracy,Validation F1 Negative,Validation F1 Positive,Validation MCC Score,Validation MCC Std,Test Accuracy,Test F1 Negative,Test F1 Positive,Test MCC Score,Test MCC Std
svcrbf,99.15041155101854,99.52536403015134,95.95337583900677,95.57035487261001,1.2404845884067648,96.47819660014781,98.0582597824822,80.9812704807143,79.6157783273326,10.346315733965568,95.65217391304347,97.60310622181755,76.61275850749534,74.62648829120003,3.8934914103534926
svclin,98.4224030900814,99.11506445329266,92.73665019699294,92.15408939645991,1.465536811989167,93.32372505543236,96.23325461970828,70.53221288515407,67.60935498042895,8.21419771197669,93.91304347826087,96.57599560108963,72.47722742373905,69.46630062198076,5.929062077187657
logistic,97.11757943624409,98.37408267236496,87.30864946120046,86.3989527290435,2.0184830342537685,93.81152993348115,96.50161731646838,72.80782616076735,70.40882814367646,5.11300521359948,93.42995169082126,96.24810998580884,73.53420389134675,71.47162590333271,3.792437753147911
random,99.96965098634294,99.98315080033699,99.8473282442748,99.83119250843224,0.3774650262567188,92.47524020694752,95.98612052236163,39.53634085213032,47.632795956363175,8.465577780637533,91.20772946859903,95.33582530001965,23.478260869565215,34.75151942999854,2.993953005787424
knn,96.60187612084425,98.12794781668734,81.60000558120367,80.1589486716527,2.1458808130310816,96.11677753141169,97.86793366863341,78.21266427718041,77.07072411309248,7.722210353567322,97.00483091787439,98.35739283199196,83.02228544333806,82.56321632462019,2.5098965884407853
xgb,100.0,100.0,100.0,100.0,0.0,95.02217294900223,97.28963245759887,69.26610644257703,69.00146712593524,11.414820625472988,94.58937198067633,97.04146299555035,68.33161334709322,66.86481655101079,6.223089167131823
