Name,Train Accuracy,Train F1 Negative,Train F1 Positive,Train MCC Score,Train MCC Std,Validation Accuracy,Validation F1 Negative,Validation F1 Positive,Validation MCC Score,Validation MCC Std,Test Accuracy,Test F1 Negative,Test F1 Positive,Test MCC Score,Test MCC Std
svcrbf,99.36290062997196,99.64474144475672,96.91705230348424,96.60267566616939,1.051877326502477,95.99630450849962,97.79304916362346,78.43613274008158,76.79579586195642,6.493903772883144,95.65217391304347,97.60197296294832,76.72228909071013,74.7491345593197,3.344834671284087
svclin,98.75601232353888,99.30348599303986,94.18616664526164,93.69334519792504,0.7956263515130806,92.83887657058389,95.98096226567851,66.86609776932357,63.312621946310706,6.004205176933354,94.10628019323671,96.71503095698435,71.33615221987314,68.10790563739796,2.324693947340652
logistic,97.17841541362027,98.41099867934699,87.41913168877826,86.41568386434119,1.1319136766261935,92.59571322985957,95.80827264390203,68.23534060376166,64.88726918189197,6.267006190844183,93.33333333333333,96.23916539295904,70.66373728029603,67.445743205213,3.082044545267056
random,100.0,100.0,100.0,100.0,0.0,91.01921655580192,95.2456177233526,18.626959555752126,27.363168520287946,17.30293546691263,92.07729468599034,95.77871628890568,35.47008547008547,44.36835330827673,7.786153023073941
knn,97.02680829539707,98.3623674687221,83.87322083304866,82.70106813475815,2.0778499279898397,95.75314116777531,97.66420663933302,76.61009587372213,74.92175868946333,8.829794741101015,96.32850241545894,97.98069868502736,79.800853485064,78.47779014900833,1.5225754475302784
xgb,100.0,100.0,100.0,100.0,0.0,93.93422025129343,96.68554195706878,64.17444879513845,62.487449571212366,12.622167009657247,94.78260869565217,97.14951848618624,69.18742271683448,68.09899664071605,4.337480440123943
