Name,Train Accuracy,Train F1 Negative,Train F1 Positive,Train MCC Score,Train MCC Std,Validation Accuracy,Validation F1 Negative,Validation F1 Positive,Validation MCC Score,Validation MCC Std,Test Accuracy,Test F1 Negative,Test F1 Positive,Test MCC Score,Test MCC Std
svcrbf,99.57534372557134,99.7632559385161,97.94047568234821,97.73076738365032,0.9965013680016398,95.99334811529934,97.79617669526668,77.93521421107627,76.32949665770833,8.004980121550961,97.97101449275364,98.877429331957,89.458411507192,88.52936286018061,2.3070753646031212
svclin,98.51345013105256,99.16630252999028,93.14475801431166,92.59466532495439,1.1857911291293333,91.99260901699925,95.47021104366404,65.05002814522939,61.33048904363149,2.429209178452748,95.07246376811594,97.22773668077407,77.81114968904053,75.39387188650771,7.9096147117308515
logistic,96.9053202740608,98.25576427676765,86.29090756263393,85.19665962348361,0.6168993086816513,91.9889135254989,95.4506100402731,66.24276908487437,62.906295823894155,4.65581044854544,94.20289855072465,96.70603803425297,75.72286684828306,73.55751851804965,5.081588311912938
random,100.0,100.0,100.0,100.0,0.0,91.74722838137473,95.61406334359125,29.809371914635072,39.789257914341476,8.950347967068556,91.78743961352657,95.63007283973018,31.89230769230769,41.64833684437742,3.7984458810347745
knn,96.87487929369567,98.28702848951542,82.19696707472318,81.60239101776597,2.035258915820707,95.38802660753882,97.4793921900746,72.76149776149776,72.0854395556461,5.737342648425571,97.487922705314,98.61673006377335,86.33548528285371,85.58970383025739,3.112202100138295
xgb,100.0,100.0,100.0,100.0,0.0,94.05321507760532,96.73705722558066,66.34996149567897,63.91032261467353,16.23021519560324,96.61835748792271,98.14347340530385,81.00568990042674,80.27005077183814,2.1846744119441173
