Name,Train Accuracy,Train F1 Negative,Train F1 Positive,Train MCC Score,Train MCC Std,Validation Accuracy,Validation F1 Negative,Validation F1 Positive,Validation MCC Score,Validation MCC Std,Test Accuracy,Test F1 Negative,Test F1 Positive,Test MCC Score,Test MCC Std
svcrbf,99.60564675587436,99.7803337701088,98.07384273066639,97.86557070454931,1.084035206179898,96.36141906873614,97.99327518194791,80.49499443826474,78.9226172429715,6.8685582218627355,94.97584541062801,97.21837283199173,74.05776636713736,71.44239673102575,3.85831030316911
svclin,99.15050351772659,99.52539485534423,95.95646052863472,95.5832242672254,0.8656798198424985,94.05395417590537,96.64907682450928,73.56736956736957,70.80212753439318,5.05371600311082,93.71980676328504,96.46929556311318,71.60818172474049,68.41265724802012,1.852636855480422
logistic,97.75504667310433,98.73865280124978,89.80144087067042,88.94332884536848,1.9179226574958128,93.68810051736881,96.42658951107563,72.8264779596049,70.21985607401534,6.579047699706819,92.56038647342996,95.77630588589491,68.81632653061226,65.6550454762062,2.8410843170884172
random,100.0,100.0,100.0,100.0,0.0,91.87139689578714,95.67828493294144,31.393635604161915,40.98900324033001,11.77040054759414,91.88405797101447,95.67961934972243,33.07692307692308,42.529782236520006,5.878273799216885
knn,96.78410815284867,98.22733622499891,82.69225109956015,81.30570643372828,2.05063388110422,95.63266814486327,97.59412997444988,76.29377880184333,74.38396870140099,6.766749512498756,95.7487922705314,97.6674546887313,76.02339181286548,74.6852326100236,3.512340319406719
xgb,100.0,100.0,100.0,100.0,0.0,94.90613451589061,97.2214867037585,69.31596424010218,68.65982125111853,12.537034068011911,93.71980676328504,96.57149887202473,62.54609786498331,61.211851186962505,4.812895466844681
