Name,Train Accuracy,Train F1 Negative,Train F1 Positive,Train MCC Score,Train MCC Std,Validation Accuracy,Validation F1 Negative,Validation F1 Positive,Validation MCC Score,Validation MCC Std,Test Accuracy,Test F1 Negative,Test F1 Positive,Test MCC Score,Test MCC Std,Num Features
random,99.9393019726859,99.96621619211687,99.70147591200222,99.66906320060056,0.4531702794248266,95.99482631189949,97.82291995489418,74.8057498057498,75.56389693814765,10.619126155439714,95.55555555555557,97.57114343200567,73.8484871426048,73.25278479362251,2.699080277787842,571
random,99.96965098634294,99.9831223628692,99.84962406015038,99.83344100743145,0.3724372296471813,96.11603843311161,97.88980502177925,75.44746103569632,76.26208883709292,11.84548934036058,95.16908212560386,97.36008152894696,71.5873015873016,70.64626209715951,3.187753188262962,570
random,99.96965098634294,99.9831223628692,99.84962406015038,99.83344100743145,0.3724372296471813,95.87361419068736,97.75907180994163,73.75959595959596,74.71064005178093,11.243567504307894,95.3623188405797,97.46588693957115,72.6797385620915,71.91688337132285,2.8554876842485095,569
random,99.96965098634294,99.9831223628692,99.84962406015038,99.83344100743145,0.3724372296471813,95.99556541019956,97.8241880890114,74.65906685906685,75.5566018574103,11.273225056357175,95.3623188405797,97.46839981807348,72.39402427637724,71.85957345279083,1.7637168026567926,568
