,n_estimators,max_samples,max_depth,bootstrap,rank,test_means,test_stds,train_means,train_stds
0,390,1.0,6,True,1,0.7585738855967696,0.025362402993462877,1.0,0.0
1,380,0.6,5,True,2,0.6989099021164902,0.050176073605152,0.9333003944113681,0.011233722169565374
2,400,0.2,3,True,5,0.637134470542479,0.03907694956506659,0.764860032673954,0.011255412787402214
3,120,0.6,7,True,4,0.6608358644417497,0.08187678614736882,0.9558749612947738,0.014550369734657096
4,90,0.2,2,True,3,0.6788155843745389,0.021745537109520367,0.7671048832204278,0.04212610031776199
