,n_estimators,max_samples,max_depth,bootstrap,rank,test_means,test_stds,train_means,train_stds
0,390,1.0,6,True,1,0.74217195422674,0.03815910340775601,1.0,0.0
1,380,0.6,5,True,2,0.7156097447333075,0.05031211568162624,0.9454642695094874,0.011522937343915109
2,400,0.2,3,True,5,0.6384762535054996,0.01668782313933882,0.7607681276954494,0.015884040297854653
3,120,0.6,7,True,3,0.6903138881452737,0.051275942500089766,0.9627163085289032,0.011563944739448101
4,90,0.2,2,True,4,0.6826475863211767,0.05561420935404224,0.7773533980751351,0.01886844376927763
