,n_estimators,max_samples,max_depth,bootstrap,rank,test_means,test_stds,train_means,train_stds
0,390,1.0,6,True,1,0.7409613700895001,0.06115230864521246,1.0,0.0
1,380,0.6,5,True,2,0.723434244120386,0.057517037524510595,0.93852430546768,0.009801215528749931
2,400,0.2,3,True,5,0.6172428993895513,0.06123381165837183,0.7566774536631102,0.015385596204820344
3,120,0.6,7,True,3,0.6809693575401267,0.0625248716550794,0.9541408739428867,0.008635292814607847
4,90,0.2,2,True,4,0.6759090875319025,0.06614381942858148,0.7740014243455795,0.025672362611791302
