,n_estimators,max_samples,max_depth,bootstrap,rank,test_means,test_stds,train_means,train_stds
0,390,1.0,6,True,1,0.7337752315996457,0.03444963274544879,1.0,0.0
1,380,0.6,5,True,2,0.6977507012427531,0.06025286111134987,0.9367638114800636,0.010178095488182461
2,400,0.2,3,True,5,0.6357285625455663,0.06160215604588336,0.7709091270435964,0.01220032103744642
3,120,0.6,7,True,3,0.6888685825397507,0.07238749791889103,0.9437767095395968,0.008573562708062338
4,90,0.2,2,True,4,0.6644934318581138,0.05014785078408068,0.7734445355423398,0.0315908604290401
