,n_estimators,max_samples,max_depth,bootstrap,rank,test_means,test_stds,train_means,train_stds
0,390,1.0,6,True,2,0.7415680885357474,0.040955630170428324,0.9983344100743144,0.0033311798513711906
1,380,0.6,5,True,1,0.7499974573993909,0.04260191031900084,0.9367959431023444,0.011537539075572546
2,400,0.2,3,True,4,0.6546121657537285,0.057028229730702255,0.7645922423915117,0.02199917806803187
3,120,0.6,7,True,3,0.6765461507478154,0.09332858295063694,0.9472514279859998,0.00616058072387501
4,90,0.2,2,True,5,0.6388998536192497,0.0373023392675886,0.7756733835026617,0.041163063119258006
